{"current":{"colors_solid_button_labels":"#c00a27","colors_accent_1":"#3a3a3a","gradient_accent_1":"","colors_accent_2":"#f4b618","gradient_accent_2":"","colors_accent_3":"#c00a27","colors_text":"#686464","colors_outline_button_labels":"#c00a27","colors_background_1":"#fff","gradient_background_1":"","colors_background_2":"#c00a27","gradient_background_2":"","colors_background_3":"#ffc800","border_color":"#e4e4e4","overlay_color":"#000000","preloader_enable":true,"preloader":"shopify:\/\/shop_images\/Yummy-GIF.gif","type_header_font":"nunito_n7","heading_scale":100,"custom_font_script_1":"@import url('https:\/\/fonts.googleapis.com\/css2?family=Nunito:ital,wght@0,200;0,300;0,400;0,500;0,600;0,700;0,800;0,900;0,1000;1,200;1,300;1,400;1,500;1,600;1,700;1,800;1,900;1,1000&display=swap');","custom_font_family_1":"'Nunito', sans-serif;","type_body_font":"roboto_n4","body_scale":100,"custom_font_script_2":"@import url('https:\/\/fonts.googleapis.com\/css2?family=Roboto:ital,wght@0,100;0,300;0,400;0,500;0,700;0,900;1,100;1,300;1,400;1,500;1,700;1,900&display=swap');","custom_font_family_2":"'Roboto', sans-serif;","type_additional_font":"nunito_n4","custom_font_script_3":"@import url('https:\/\/fonts.googleapis.com\/css2?family=Nunito:ital,wght@0,200;0,300;0,400;0,500;0,600;0,700;0,800;0,900;0,1000;1,200;1,300;1,400;1,500;1,600;1,700;1,800;1,900;1,1000&display=swap');","custom_font_family_3":"'Nunito', sans-serif;","display_color_variant":true,"display_item_size":true,"enable_timer":false,"enable_wishlist":true,"enable_compare":false,"enable_quickview":true,"enable_quickadd":true,"enable_scroll_to_top":true,"offer_price_enable":true,"page_width":1420,"page_full_width_spacing":150,"spacing_sections":0,"spacing_grid_horizontal":30,"spacing_grid_vertical":30,"sidebar_width":300,"buttons_border_thickness":0,"buttons_border_opacity":100,"buttons_radius":0,"buttons_shadow_opacity":0,"buttons_shadow_horizontal_offset":0,"buttons_shadow_vertical_offset":0,"buttons_shadow_blur":0,"variant_pills_border_thickness":0,"variant_pills_border_opacity":55,"variant_pills_radius":0,"variant_pills_shadow_opacity":0,"variant_pills_shadow_horizontal_offset":0,"variant_pills_shadow_vertical_offset":4,"variant_pills_shadow_blur":5,"inputs_border_thickness":1,"inputs_border_opacity":100,"inputs_radius":0,"inputs_shadow_opacity":0,"inputs_shadow_horizontal_offset":0,"inputs_shadow_vertical_offset":0,"inputs_shadow_blur":0,"card_style":"card","button_style":"icon","card_image_padding":0,"card_text_alignment":"center","card_color_scheme":"background-1","card_border_thickness":2,"card_border_opacity":100,"card_corner_radius":0,"card_shadow_opacity":0,"card_shadow_horizontal_offset":0,"card_shadow_vertical_offset":0,"card_shadow_blur":30,"text_boxes_border_thickness":2,"text_boxes_border_opacity":100,"text_boxes_radius":0,"text_boxes_shadow_opacity":0,"text_boxes_shadow_horizontal_offset":0,"text_boxes_shadow_vertical_offset":0,"text_boxes_shadow_blur":5,"media_border_thickness":0,"media_border_opacity":0,"media_radius":0,"media_shadow_opacity":0,"media_shadow_horizontal_offset":0,"media_shadow_vertical_offset":4,"media_shadow_blur":5,"popup_border_thickness":0,"popup_border_opacity":0,"popup_corner_radius":0,"popup_shadow_opacity":20,"popup_shadow_horizontal_offset":6,"popup_shadow_vertical_offset":0,"popup_shadow_blur":10,"drawer_border_thickness":0,"drawer_border_opacity":0,"drawer_shadow_opacity":0,"drawer_shadow_horizontal_offset":0,"drawer_shadow_vertical_offset":4,"drawer_shadow_blur":0,"badge_position":"top-left","badge_corner_radius":0,"sale_badge_color_scheme":"accent-1","sold_out_badge_color_scheme":"background-1","accent_icons":"accent-1","breadcrumb_image":"shopify:\/\/shop_images\/home-01.jpg","breadcrumb_style":"center","image_overlay_opacity":44,"breadcrumb_padding_top":80,"breadcrumb_padding_bottom":80,"breadcrumb_margin_bottom":80,"social_twitter_link":"#","social_facebook_link":"#","social_pinterest_link":"","social_instagram_link":"#","social_tiktok_link":"","social_tumblr_link":"","social_snapchat_link":"","social_youtube_link":"","social_vimeo_link":"","predictive_search_enabled":true,"predictive_search_show_vendor":false,"predictive_search_show_price":true,"favicon":"shopify:\/\/shop_images\/favicon_1.png","currency_code_enabled":false,"cart_type":"drawer","show_vendor":true,"show_cart_note":true,"show_gift_wrap":false,"show_shipping_info":true,"show_discount_option":true,"cart_drawer_collection":"","checkout_logo_image":"shopify:\/\/shop_images\/Group_25156.png","checkout_logo_position":"center","checkout_accent_color":"#000000","checkout_button_color":"#000000","enable_cart_icon":false,"enable_search":false,"enable_stock_status_bar":false,"sections":{"announcement-bar":{"type":"announcement-bar","blocks":{"6785f306-a6b1-4f8d-abdc-7f21d70a632f":{"type":"announcement","disabled":true,"settings":{"text":"One Day Delivery Available in US","link":""}}},"block_order":["6785f306-a6b1-4f8d-abdc-7f21d70a632f"],"custom_css":[],"settings":{"color_scheme":"background-1","disable_announcement":true}},"header":{"type":"header","blocks":{"f4c48e4e-0e25-45e8-882d-b3dc82869024":{"type":"promo_image","settings":{"mega_1":"Indian","mega_columns":"four-column","row_reverse":false,"title_1":"","button_1":"","link_1":"","title_2":"","button_2":"","link_2":"","title_3":"","button_3":"","link_3":"","title_4":"","button_4":"","link_4":""}},"eedfdcc3-1568-4ed8-b35b-1a6e8b6ead75":{"type":"promo_image","settings":{"mega_1":"Italian","mega_columns":"four-column","row_reverse":false,"image_1":"shopify:\/\/shop_images\/1.jpg","title_1":"","button_1":"","link_1":"","title_2":"","button_2":"","link_2":"","title_3":"","button_3":"","link_3":"","title_4":"","button_4":"","link_4":""}},"e7bd4581-46c1-41f9-80a8-cdbdda6a6186":{"type":"promo_image","settings":{"mega_1":"Thai","mega_columns":"four-column","row_reverse":false,"title_1":"","button_1":"","link_1":"","title_2":"","button_2":"","link_2":"","title_3":"","button_3":"","link_3":"","title_4":"","button_4":"","link_4":""}},"3ad07282-8820-4f45-9dda-5122be08d5e1":{"type":"promo_image","settings":{"mega_1":"Chinese","mega_columns":"four-column","row_reverse":false,"title_1":"","button_1":"","link_1":"","title_2":"","button_2":"","link_2":"","title_3":"","button_3":"","link_3":"","title_4":"","button_4":"","link_4":""}}},"block_order":["f4c48e4e-0e25-45e8-882d-b3dc82869024","eedfdcc3-1568-4ed8-b35b-1a6e8b6ead75","e7bd4581-46c1-41f9-80a8-cdbdda6a6186","3ad07282-8820-4f45-9dda-5122be08d5e1"],"settings":{"page_full_width":true,"page_full_width_spacing":true,"color_scheme":"background-1","logo":"shopify:\/\/shop_images\/logo_3.png","logo_width":80,"logo_position":"middle-left","menu_alignment":"center","menu":"main-menu","show_secondary_menu":false,"secondary_menu":"","mobile_screen_width":"1199","show_line_separator":false,"enable_sticky_header":true,"enable_transparent_header":false,"enable_search_box":false,"enable_country_selector":false,"enable_language_selector":false,"show_search":true,"show_header_wishlist":true,"show_header_compare":false,"show_account":true,"show_header_cart":true,"header_icon_type":"icon","show_category_menu":false,"category_heading":"All categories","category_menu":"","margin_bottom":0,"enable_sale":true,"sale_txt":"Sale","sale_tags":"product","enable_new":false,"new_txt":"New","new_tags":"blog","enable_hot":true,"hot_txt":"Hot","hot_tags":""}},"footer":{"type":"footer","blocks":{"3408e200-d33a-433c-bdd0-1d9c73fff07e":{"type":"link_list","settings":{"heading":"Help","menu":"footer","alignment":"","list_style":"vertical"}},"8c88a831-9d3f-4039-9e74-6f7b20caa8ff":{"type":"link_list","settings":{"heading":"Support","menu":"support","alignment":"","list_style":"vertical"}},"c74e60da-4417-4dfc-a562-f773ffc44358":{"type":"link_list","settings":{"heading":"Information","menu":"information","alignment":"","list_style":"vertical"}},"6571a962-4b68-4398-b57e-445ca8cf7df9":{"type":"address","settings":{"address_heading":"Contact us","footer_address":"No: 58 A, East Madison Street, Baltimore, MD, USA 4508","footer_contact_no":"0000 - 123456789","footer_contact_id":"mail@example.com","office_hours":"9.30AM - 7.30PM","alignment":"left"}},"c5fbd036-afa9-48bf-a0a9-0d03b1e2e185":{"type":"social","settings":{"heading":"Connect with us","alignment":"left"}},"6a7be4d5-cce7-445d-9e3c-e16195575743":{"type":"images","settings":{"heading":"Download our app","image":"shopify:\/\/shop_images\/store-1_8a608144-2258-4bd8-8d83-6d95f2290e33.png","image_2":"shopify:\/\/shop_images\/store-3.png","image_3":"shopify:\/\/shop_images\/store-2.png","alignment":"left"}}},"block_order":["3408e200-d33a-433c-bdd0-1d9c73fff07e","8c88a831-9d3f-4039-9e74-6f7b20caa8ff","c74e60da-4417-4dfc-a562-f773ffc44358","6571a962-4b68-4398-b57e-445ca8cf7df9","c5fbd036-afa9-48bf-a0a9-0d03b1e2e185","6a7be4d5-cce7-445d-9e3c-e16195575743"],"settings":{"page_full_width":false,"page_full_width_spacing":false,"color_scheme":"background-1","image":"shopify:\/\/shop_images\/footer_1.jpg","before_image":"shopify:\/\/shop_images\/divider_1_1920X_36751325-7c7a-4790-bcd2-7080582c6ca6.png","show_social":true,"payment_enable":true,"footer_default":false,"copyright_text":"","copyright_url":"","border_right":false,"margin_top":80,"padding_top":100,"padding_bottom":48}},"main-password-header":{"type":"main-password-header","settings":{"logo":"shopify:\/\/shop_images\/logo.png","logo_max_width":200,"color_scheme":"background-1"}},"main-password-footer":{"type":"main-password-footer","settings":{"color_scheme":"background-1"}},"suggested-products":{"type":"suggested-products","blocks":{"a4ab6c6f-a1de-4166-8ecc-4cb9642b61db":{"type":"image","settings":{"product":"beef-steaks","from":"Texas, US","time":"9 Minutes ago"}},"1af91c39-c0a1-43f1-bec9-efb91982e75e":{"type":"image","settings":{"product":"carbonara","from":"Tokyo, Japan","time":"9 Minutes ago"}},"0b05e90a-7ec9-4eaa-89f5-bd2c106772c3":{"type":"image","settings":{"product":"crispy-chicken-wings","from":"Delhi, India","time":"9 Minutes ago"}}},"block_order":["a4ab6c6f-a1de-4166-8ecc-4cb9642b61db","1af91c39-c0a1-43f1-bec9-efb91982e75e","0b05e90a-7ec9-4eaa-89f5-bd2c106772c3"],"settings":{"display_recent_purchase":true,"placement":"left","text":"Customer recently purchased"}},"cookie-banner":{"type":"cookie-banner","settings":{"show_gdpr":false,"style":"right","color_scheme":"inverse","text":"Please click Accept Cookies to continue to use the site.","accept":"Accept","decline":"Decline","button_padding":"10px 20px 10px 20px"}},"newsletter-modal":{"type":"newsletter-modal","blocks":{"ad2319a5-3b0a-4abe-8f83-a627ca9b3c2c":{"type":"heading","settings":{"heading":"Always First."}},"03297923-22c8-4e4e-bcf4-b26fb6693c69":{"type":"paragraph","settings":{"paragraph":"<p>Nulla tincidunt convallis bibendum. Duis sed risus cipit justo Integer neque felis, egestas a euismod in pulvinar.<\/p>"}},"8b169acd-6538-4ffb-8180-993928abf105":{"type":"email_form","settings":{}}},"block_order":["ad2319a5-3b0a-4abe-8f83-a627ca9b3c2c","03297923-22c8-4e4e-bcf4-b26fb6693c69","8b169acd-6538-4ffb-8180-993928abf105"],"settings":{"color_scheme":"accent-2","modal_bg_opacity":"0.6","enable_newsletter_modal":false,"cookie_expires":1,"cookie_modal_delay":"5000","block_text_align":"text-center","enable_social_icon":false}},"top-bar":{"type":"top-bar","settings":{"page_full_width":true,"page_full_width_spacing":true,"top_bar_color_scheme":"accent-2","disable_topbar":false,"disable_topbar_mobile":false,"header_mail":"sample@example.com","header_phone":"0000 - 123456789","text":"","enable_text_icon":false,"link_text":"","link":"","show_social":false,"enable_country_selector":true,"enable_language_selector":false}},"footer_style1":{"type":"footer_style1","blocks":{"82582ec9-c9b5-4f7d-8469-a04b3f06cee1":{"type":"address","settings":{"address_heading":"Contact Us","footer_address":"Nulla tincidunt convallis bibendum. Sed estas, massa a molestie fac ilisis nisi purus vestibulum","footer_contact_no":"","footer_contact_id":"","office_hours":"","alignment":"left","column_width":25}},"de6bbb78-9eca-404b-82c5-fa2fc0c63f90":{"type":"newsletter","disabled":true,"settings":{"heading":"Sign up for Newsletter","newsletter_subtext":"<p>Nulla tincidunt risam convallis itunu vatna bibendum. Sed estas, massa<\/p>","alignment":"left","enable_socialicon":true,"column_width":46}},"footer_style1-0":{"type":"link_list","settings":{"heading":"Information","menu":"footer","alignment":"","list_style":"vertical","column_width":22}},"23ddf3e1-de11-4185-a308-e181892b515c":{"type":"link_list","settings":{"heading":"About","menu":"footer","alignment":"","list_style":"vertical","column_width":22}},"c85fe6a2-26c2-4d9b-9bda-2ec4fcfdee0a":{"type":"link_list","settings":{"heading":"Shop by","menu":"footer","alignment":"left","list_style":"vertical","column_width":10}}},"block_order":["82582ec9-c9b5-4f7d-8469-a04b3f06cee1","de6bbb78-9eca-404b-82c5-fa2fc0c63f90","footer_style1-0","23ddf3e1-de11-4185-a308-e181892b515c","c85fe6a2-26c2-4d9b-9bda-2ec4fcfdee0a"],"settings":{"page_full_width":false,"page_full_width_spacing":false,"color_scheme":"background-1","show_social":true,"show_usd":false,"payment_enable":true,"footer_default":false,"border_right":false,"margin_top":0,"padding_top":60,"padding_bottom":60}},"footer_style2":{"type":"footer_style2","blocks":{"d85fbe91-23cd-45c0-9022-7e5745232243":{"type":"newsletter","settings":{"sub_heading":"Newsletter","heading":"Join Our Community And Get 20% Off On Your First Order","newsletter_subtext":"","alignment":"center","enable_socialicon":true}}},"block_order":["d85fbe91-23cd-45c0-9022-7e5745232243"],"settings":{"page_full_width":false,"page_full_width_spacing":false,"color_scheme":"background-2","show_social":true,"show_usd":false,"show_footer_bottom":false,"payment_enable":true,"footer_default":true,"border_right":false,"margin_top":0,"padding_top":80,"padding_bottom":80}},"footer_style3":{"type":"footer_style3","blocks":{"a7817e3b-b4ba-4fb9-9181-073b8dc38c6e":{"type":"link_list","settings":{"heading":"Help","menu":"footer","alignment":"","list_style":"vertical"}},"3d388e38-c98c-4234-89f3-84dfe340d3f7":{"type":"link_list","settings":{"heading":"Support","menu":"support","alignment":"","list_style":"vertical"}},"bd11441b-83e5-4381-bcc2-4a9431cfe4d7":{"type":"link_list","settings":{"heading":"Information","menu":"information","alignment":"","list_style":"vertical"}},"4c3e2666-1b68-4e64-819b-f6c6a32d2f44":{"type":"address","settings":{"address_heading":"Contact us","footer_address":"No: 58 A, East Madison Street, Baltimore, MD, USA 4508","footer_contact_no":"0000 - 123456789","footer_contact_id":"mail@example.com","office_hours":"9.30AM - 7.30PM","enable_socialicon":false,"alignment":"left"}},"7b9820ec-34ee-4a57-a9c5-194bb042a679":{"type":"text","settings":{"heading":"Heading","subtext":"<p>Share contact information, store details, and brand content with your customers.<\/p>","alignment":"center"}},"4a47ad14-aafd-4980-8ba1-7e81d187d070":{"type":"text","settings":{"image":"shopify:\/\/shop_images\/store-1.png","heading":"Heading","subtext":"<p>Share contact information, store details, and brand content with your customers.<\/p>","alignment":"center"}}},"block_order":["a7817e3b-b4ba-4fb9-9181-073b8dc38c6e","3d388e38-c98c-4234-89f3-84dfe340d3f7","bd11441b-83e5-4381-bcc2-4a9431cfe4d7","4c3e2666-1b68-4e64-819b-f6c6a32d2f44","7b9820ec-34ee-4a57-a9c5-194bb042a679","4a47ad14-aafd-4980-8ba1-7e81d187d070"],"settings":{"page_full_width":false,"page_full_width_spacing":false,"color_scheme":"background-1","image":"shopify:\/\/shop_images\/footer_1.jpg","show_social":true,"show_usd":false,"show_footer_bottom":true,"copyright_content":"<p><strong>©<\/strong> 2023 <a href=\"https:\/\/wedesignthemes.com\/\" target=\"_blank\" title=\"https:\/\/wedesignthemes.com\/\">WeDesignTech<\/a>. All Rights Reserved.<\/p>","payment_enable":true,"footer_default":false,"border_right":false,"show_bottom-icon":false,"margin_top":60,"padding_top":60,"padding_bottom":48}}},"content_for_index":[]},"presets":{"Default":{"colors_solid_button_labels":"#ffffff","colors_accent_1":"#121212","gradient_accent_1":"","colors_accent_2":"#334fb4","gradient_accent_2":"","colors_text":"#121212","colors_outline_button_labels":"#121212","colors_background_1":"#ffffff","gradient_background_1":"","colors_background_2":"#f3f3f3","gradient_background_2":"","type_header_font":"assistant_n4","heading_scale":100,"type_body_font":"assistant_n4","body_scale":100,"page_width":1200,"spacing_sections":0,"spacing_grid_horizontal":8,"spacing_grid_vertical":8,"buttons_border_thickness":1,"buttons_border_opacity":100,"buttons_radius":0,"buttons_shadow_opacity":0,"buttons_shadow_horizontal_offset":0,"buttons_shadow_vertical_offset":4,"buttons_shadow_blur":5,"variant_pills_border_thickness":1,"variant_pills_border_opacity":55,"variant_pills_radius":40,"variant_pills_shadow_opacity":0,"variant_pills_shadow_horizontal_offset":0,"variant_pills_shadow_vertical_offset":4,"variant_pills_shadow_blur":5,"inputs_border_thickness":1,"inputs_border_opacity":55,"inputs_radius":0,"inputs_shadow_opacity":0,"inputs_shadow_horizontal_offset":0,"inputs_shadow_vertical_offset":4,"inputs_shadow_blur":5,"card_style":"standard","card_image_padding":0,"card_text_alignment":"left","card_color_scheme":"background-2","card_border_thickness":0,"card_border_opacity":10,"card_corner_radius":0,"card_shadow_opacity":0,"card_shadow_horizontal_offset":0,"card_shadow_vertical_offset":4,"card_shadow_blur":5,"text_boxes_border_thickness":0,"text_boxes_border_opacity":10,"text_boxes_radius":0,"text_boxes_shadow_opacity":0,"text_boxes_shadow_horizontal_offset":0,"text_boxes_shadow_vertical_offset":4,"text_boxes_shadow_blur":5,"media_border_thickness":1,"media_border_opacity":5,"media_radius":0,"media_shadow_opacity":0,"media_shadow_horizontal_offset":0,"media_shadow_vertical_offset":4,"media_shadow_blur":5,"popup_border_thickness":1,"popup_border_opacity":10,"popup_corner_radius":0,"popup_shadow_opacity":0,"popup_shadow_horizontal_offset":0,"popup_shadow_vertical_offset":4,"popup_shadow_blur":5,"drawer_border_thickness":1,"drawer_border_opacity":10,"drawer_shadow_opacity":0,"drawer_shadow_horizontal_offset":0,"drawer_shadow_vertical_offset":4,"drawer_shadow_blur":5,"badge_position":"bottom left","badge_corner_radius":40,"sale_badge_color_scheme":"accent-2","sold_out_badge_color_scheme":"inverse","accent_icons":"text","social_twitter_link":"","social_facebook_link":"","social_pinterest_link":"","social_instagram_link":"","social_tiktok_link":"","social_tumblr_link":"","social_snapchat_link":"","social_youtube_link":"","social_vimeo_link":"","predictive_search_enabled":true,"predictive_search_show_vendor":false,"predictive_search_show_price":false,"currency_code_enabled":true,"sections":{"announcement-bar":{"type":"announcement-bar","blocks":{"announcement-bar-0":{"type":"announcement","settings":{"text":"Welcome to our store","link":""}}},"block_order":["announcement-bar-0"],"settings":{}},"header":{"type":"header","settings":{"color_scheme":"background-1","logo_width":90,"logo_position":"middle-left","menu":"main-menu","show_line_separator":true,"enable_sticky_header":true,"margin_bottom":0}},"footer":{"type":"footer","blocks":{"footer-0":{"type":"link_list","settings":{"heading":"Quick links","menu":"footer"}},"footer-1":{"type":"link_list","settings":{"heading":"Info","menu":"footer"}},"footer-2":{"type":"text","settings":{"heading":"Our mission","subtext":"<p>Share contact information, store details, and brand content with your customers.<\/p>"}}},"block_order":["footer-0","footer-1","footer-2"],"settings":{"color_scheme":"background-1","show_social":true,"payment_enable":true,"margin_top":48,"padding_top":36,"padding_bottom":36}},"main-password-header":{"type":"main-password-header","settings":{"logo_max_width":100,"color_scheme":"background-1"}},"main-password-footer":{"type":"main-password-footer","settings":{"color_scheme":"background-1"}}}}},"platform_customizations":{"custom_css":[".bg-color-coal-black {background-color: #36454f;}"]}}