{"sections":{"main":{"type":"main-article","blocks":{"featured_image":{"type":"featured_image","settings":{"image_height":"adapt"}},"title":{"type":"title","settings":{"blog_show_date":true,"blog_show_author":true}},"share":{"type":"share","settings":{"share_label":"Share"}},"content":{"type":"content","settings":{}}},"block_order":["featured_image","title","share","content"],"settings":{"page_full_width":false,"page_full_width_spacing":false,"padding_top":24,"padding_bottom":0}}},"order":["main"]}