{"sections":{"main":{"type":"main-blog","settings":{"page_full_width":false,"page_full_width_spacing":false,"layout":"grid","show_image":true,"image_height":"adapt","show_date":true,"show_author":true,"blog_show_tag":false,"show_excerpts":true,"show_articles":true,"article_title":"Recent posts","limit":3,"show_tags":true,"tags_title":"Tags","show_carousel":false,"carousel_title":"Hot Deals","carousel":"shandong-cuisine","carousel_limit":2,"enable_quick_add":true,"show_rating":false,"sidebar_settings":"sidebar-right","show_promo":true,"sidebar_image":"shopify:\/\/shop_images\/4.jpg","sidebar_title":"Best Offer","sidebar_link_text":"Buy Now","sidebar_link":"shopify:\/\/collections\/anhui-cuisine","show_collection":true,"collection_title":"Product listing","collection":"frontpage","collection_limit":2,"padding_top":0,"padding_bottom":20}}},"order":["main"]}