{"sections":{"banner":{"type":"main-collection-banner","settings":{"page_full_width":true,"page_full_width_spacing":true,"show_collection_description":true,"show_collection_image":true,"color_scheme":"background-1","padding_top":0,"padding_bottom":72}},"product-grid":{"type":"main-collection-product-grid","settings":{"products_per_page":12,"columns_desktop":3,"collections_custom_cols":false,"page_full_width":true,"page_full_width_spacing":true,"image_ratio":"adapt","show_secondary_image":true,"show_vendor":false,"show_new_tag":true,"show_rating":true,"enable_filtering":true,"filter_type":"vertical","enable_sorting":true,"pagination":"numbers","columns_mobile":"1","padding_top":0,"padding_bottom":0,"sidebar_settings":"sidebar-left","enable_grid_list":true,"show_menu":true,"menu_title":"Category","linklist":"indian","show_carousel":true,"carousel_title":"Best Seller","carousel":"shandong-cuisine","carousel_limit":3,"show_image":true,"sidebar_image":"shopify:\/\/shop_images\/6_669fe6c2-572f-4cbc-9c53-2769ec57fbc2.png","sidebar_title":"Best Sellers","sidebar_button":"Shop Now","sidebar_link":"shopify:\/\/collections\/3-layer-cherry-cakes","show_collection":false,"collection_title":"heading","collection":"dummy-collection1","collection_limit":5}}},"order":["banner","product-grid"]}