{"sections":{"banner":{"type":"main-collection-banner","settings":{"page_full_width":false,"page_full_width_spacing":false,"show_collection_description":false,"show_collection_image":false,"color_scheme":"background-1","padding_top":0,"padding_bottom":0}},"product-grid":{"type":"main-collection-product-grid","settings":{"products_per_page":12,"columns_desktop":4,"collections_custom_cols":true,"page_full_width":false,"page_full_width_spacing":false,"image_ratio":"portrait","show_secondary_image":false,"show_vendor":false,"show_new_tag":true,"show_rating":true,"enable_filtering":true,"filter_type":"vertical","enable_sorting":true,"pagination":"numbers","columns_mobile":"1","padding_top":0,"padding_bottom":0,"sidebar_settings":"no-sidebar","enable_grid_list":false,"show_menu":true,"menu_title":"Collection","linklist":"collection-menu","show_carousel":false,"carousel_title":"Best Seller","carousel":"dummy-collection1","carousel_limit":3,"show_image":false,"sidebar_title":"Best Sellers","sidebar_button":"Shop Now","sidebar_link":"shopify:\/\/collections\/3-layer-cherry-cakes","show_collection":false,"collection_title":"heading","collection":"dummy-collection1","collection_limit":5}}},"order":["banner","product-grid"]}