{"sections":{"f9232c66-4799-4cbd-a2be-00ee49671cb9":{"type":"slideshow","blocks":{"template--18572285182250__f9232c66-4799-4cbd-a2be-00ee49671cb9-16805184364d99b52f-0":{"type":"slide","settings":{"image":"shopify:\/\/shop_images\/slide1-bg.jpg","mobile_image":"shopify:\/\/shop_images\/mobile-1.jpg","heading":"Tasty Bites Healthy Foods","heading_size":"h0","subheading":"Mega Discounts On","text":"10 - 50% OFF","button_label":"View Dishes","link":"shopify:\/\/collections","button_style_secondary":false,"box_align":"middle-left","show_text_box":false,"text_alignment":"left","image_overlay_opacity":0,"color_scheme":"background-1","text_alignment_mobile":"center"}},"template--18572285182250__f9232c66-4799-4cbd-a2be-00ee49671cb9-16805184364d99b52f-1":{"type":"slide","settings":{"image":"shopify:\/\/shop_images\/slide2-bg.jpg","mobile_image":"shopify:\/\/shop_images\/slide2-bg-responsive.jpg","heading":"Great Dish @ Great Price","heading_size":"h0","subheading":"Home Made Dish On Your Doorstep","text":"10 - 50% OFF","button_label":"View Dishes","link":"shopify:\/\/collections","button_style_secondary":false,"box_align":"middle-center","show_text_box":false,"text_alignment":"center","image_overlay_opacity":0,"color_scheme":"background-1","text_alignment_mobile":"center"}}},"block_order":["template--18572285182250__f9232c66-4799-4cbd-a2be-00ee49671cb9-16805184364d99b52f-0","template--18572285182250__f9232c66-4799-4cbd-a2be-00ee49671cb9-16805184364d99b52f-1"],"settings":{"page_full_width":true,"page_full_width_spacing":false,"slide_height":"adapt_image","swiper_pagination":false,"swiper_navigation":true,"auto_play":0,"slider_effect":"slide","after_image":"shopify:\/\/shop_images\/divider_1_1920X_36751325-7c7a-4790-bcd2-7080582c6ca6.png","show_text_below":false}},"1db1512f-3231-44e7-9ae9-9298dbd3df92":{"type":"specification-block","blocks":{"template--15087112683543__1db1512f-3231-44e7-9ae9-9298dbd3df92-1681538628e4ebf176-0":{"type":"text","settings":{"block-image":"shopify:\/\/shop_images\/icon-6.png","font_icon":"","title":"African Cuisines","desc":"Alienum phaedrum torquatos nec eu, vis detraxit periculis ex, nihil expetelis in mei. Meianpe icula euripidis,partem.","html_text":"","link_text":"","link":"shopify:\/\/collections"}},"template--15087112683543__1db1512f-3231-44e7-9ae9-9298dbd3df92-1681538628e4ebf176-1":{"type":"text","settings":{"block-image":"shopify:\/\/shop_images\/icon-5.png","font_icon":"","title":"American Cuisines","desc":"Ultrices neque ornare aenean euismod elementum nisi quis. Ac turpis egestas maecenas pharetra convallis posuere morbi","html_text":"","link_text":"","link":"shopify:\/\/collections"}},"template--15087112683543__1db1512f-3231-44e7-9ae9-9298dbd3df92-1681538628e4ebf176-2":{"type":"text","settings":{"block-image":"shopify:\/\/shop_images\/icon-1.png","font_icon":"","title":"Asian Cuisines","desc":"Molestie ac feugiat sed lectus. Eget mi proin sed libero enim. In metus vulputate eu scelerisque felis. Vitae congue eu consequat.","html_text":"","link_text":"","link":"shopify:\/\/collections"}},"01d7928b-1c36-4be8-af08-ff3b7d2c2650":{"type":"text","settings":{"block-image":"shopify:\/\/shop_images\/icon-4.png","font_icon":"","title":"European Cuisines","desc":"Facilisis mauris sit amet massa vitae tortor condimentum. Sit amet nisl purus in mollis nunc sed id eu mi bibendum.","html_text":"","link_text":"","link":"shopify:\/\/collections"}},"2d63bb69-a66b-445c-a550-2b3f7a0c07a0":{"type":"text","settings":{"block-image":"shopify:\/\/shop_images\/icon-3.png","font_icon":"","title":"Oceanic Cuisines","desc":"Cursus euismod quis viverra nibh cras pulvinar mattis nunc. Montes nascetur ridiculus mus mauris egestas integer.","html_text":"","link_text":"","link":"shopify:\/\/collections"}},"6bb477c5-6876-4197-9f3f-840bc95dc713":{"type":"text","settings":{"block-image":"shopify:\/\/shop_images\/icon-2.png","font_icon":"","title":"Indian Cuisines","desc":"Semper feugiat nibh sed pulvinar proin gravida hendrerit lectus. Nec feugiat in fermentum posuere urna nec consequat semper.","html_text":"","link_text":"","link":"shopify:\/\/collections"}}},"block_order":["template--15087112683543__1db1512f-3231-44e7-9ae9-9298dbd3df92-1681538628e4ebf176-0","template--15087112683543__1db1512f-3231-44e7-9ae9-9298dbd3df92-1681538628e4ebf176-1","template--15087112683543__1db1512f-3231-44e7-9ae9-9298dbd3df92-1681538628e4ebf176-2","01d7928b-1c36-4be8-af08-ff3b7d2c2650","2d63bb69-a66b-445c-a550-2b3f7a0c07a0","6bb477c5-6876-4197-9f3f-840bc95dc713"],"settings":{"page_full_width":false,"page_full_width_spacing":false,"color_scheme":"background-1","title":"International Cuisines","heading_size":"h2","sub_heading":"Incredibly Tasty International Dish","description":"","button_label":"","button_link":"","button_style_secondary":false,"enable_image":true,"primary_image":"shopify:\/\/shop_images\/middle-img.png","primary_title":"","primary_sub_title":"","primary_description":"","primary_button_text":"","primary_button_link":"","primary_text_align":"center","vertical_position":"position-vertical-center","banner_style":"overlay","specification_style":"style1","overlay_style_height":"560","primary_position":"center","content_reverse":false,"additional_heading":"Specification Block","additional_sub_heading":"","additional_description":"","additional_text_align":"center","additional_link_text":"","additional_link":"","padding_top":100,"padding_bottom":100,"custom_class_name":"home-custom-specification-1"}},"c0f6eefa-6a14-4a79-a227-3b341d63df30":{"type":"deal-banner","settings":{"page_full_width":true,"page_full_width_spacing":false,"image_height":"medium","bg_image":"shopify:\/\/shop_images\/bg-1.jpg","before_image":"shopify:\/\/shop_images\/divider_1_1920X_36751325-7c7a-4790-bcd2-7080582c6ca6.png","after_image":"shopify:\/\/shop_images\/divider_1_1920X_36751325-7c7a-4790-bcd2-7080582c6ca6.png","desktop_content_position":"middle-left","show_text_box":false,"desktop_content_alignment":"left","color_scheme":"background-1","heading":"Upgrade To The Latest Taste!","sub-heading":"","text":"Est sit amet facilisis magna etiam tempor. Dolor sed viverra ipsum nunc aliquet bibendum enim. Magnis dis parturient montes nascetur ridiculus mus mauris vitae ultricies. Commodo ullamcorper a lacus vestibulum sed arcu non odio euismod. Elementum nisi quis eleifend quam adipiscing vitae proin sagittis nisl. Auctor augue mauris gravida.","text-2":"Tristique sollicitudin nibh sit amet commodo nulla facilisi nullam. Sodales ut eu sem integer vitae. Nibh tortor id aliquet lectus proin nibh. Sed velit dignissim sodales ut.","signature-img":"shopify:\/\/shop_images\/signature.png","signature-text":"Tanya - Reciepe","deal_end_date":"","button_label_1":"","button_link_1":"","button_style_secondary_1":false,"button_label_2":"","button_link_2":"","button_style_secondary_2":false,"padding_top":36,"padding_bottom":36,"custom_class_name":""}},"388266f3-57aa-41ec-9cff-52615daee64c":{"type":"specification-block","blocks":{"template--15087112683543__388266f3-57aa-41ec-9cff-52615daee64c-1681543395747b34e2-0":{"type":"text","settings":{"block-image":"shopify:\/\/shop_images\/icon-7_c08b5cdb-f091-48b2-93c1-e09b38cca5f1.png","font_icon":"","title":"Pure Ingredients","desc":"Vestibulum morbi blandit cursus risus at ultrices mi. Facilisis gravida neque convallis a.","html_text":"","link_text":"","link":"shopify:\/\/collections"}},"template--15087112683543__388266f3-57aa-41ec-9cff-52615daee64c-1681543395747b34e2-1":{"type":"text","settings":{"block-image":"shopify:\/\/shop_images\/icon-8_3fa55acb-a7d3-4358-9a71-260d4a3d61ae.png","font_icon":"","title":"Sustainability","desc":"Laculis eu non diam phasellus. Dictum non consectetur a erat nam at. Quam adipiscing vitae proin sagittis.","html_text":"","link_text":"","link":"shopify:\/\/collections"}},"template--15087112683543__388266f3-57aa-41ec-9cff-52615daee64c-1681543395747b34e2-2":{"type":"text","settings":{"block-image":"shopify:\/\/shop_images\/icon-9.png","font_icon":"","title":"Environmentalism","desc":"Bibendum est ultricies integer quis auctor elit sed. Accumsan tortor posuere ac ut consequat semper.","html_text":"","link_text":"","link":"shopify:\/\/collections"}},"75b9cfcb-a833-4d87-9b2d-82818637d7ba":{"type":"text","settings":{"block-image":"shopify:\/\/shop_images\/icon-10.png","font_icon":"","title":"Formula Transparency","desc":"Facilisi nullam vehicula ipsum a. Ornare massa eget egestas purus viverra accumsan in nisl nisi.","html_text":"","link_text":"","link":"shopify:\/\/collections"}}},"block_order":["template--15087112683543__388266f3-57aa-41ec-9cff-52615daee64c-1681543395747b34e2-0","template--15087112683543__388266f3-57aa-41ec-9cff-52615daee64c-1681543395747b34e2-1","template--15087112683543__388266f3-57aa-41ec-9cff-52615daee64c-1681543395747b34e2-2","75b9cfcb-a833-4d87-9b2d-82818637d7ba"],"settings":{"page_full_width":false,"page_full_width_spacing":false,"color_scheme":"background-1","title":"","heading_size":"h1","sub_heading":"","description":"","button_label":"","button_link":"","button_style_secondary":false,"bg_image":"shopify:\/\/shop_images\/bg-img-1_1.png","enable_image":true,"primary_image":"shopify:\/\/shop_images\/img-1.jpg","primary_title":"","primary_sub_title":"","primary_description":"","primary_button_text":"","primary_button_link":"","primary_text_align":"center","vertical_position":"position-vertical-center","banner_style":"overlay","specification_style":"style3","overlay_style_height":"600","primary_position":"center","content_reverse":false,"additional_heading":"What Makes Our Menus Special ?","additional_sub_heading":"","additional_description":"","additional_text_align":"Left","additional_link_text":"","additional_link":"","padding_top":100,"padding_bottom":100,"custom_class_name":"home-custom-specification-1 two-column"}},"0735ab96-6584-42cd-a677-b4a21cb811a8":{"type":"home-custom-section","settings":{"page_full_width":true,"page_full_width_spacing":false,"bg_image":"shopify:\/\/shop_images\/bg-2.jpg","before_image":"shopify:\/\/shop_images\/divider_1_1920X_36751325-7c7a-4790-bcd2-7080582c6ca6.png","after_image":"shopify:\/\/shop_images\/divider_1_1920X_36751325-7c7a-4790-bcd2-7080582c6ca6.png","title":"Simple And Delicious Food","heading_size":"h0","sub_heading":"Enjoy Great Recipe","description":"Flat 20% Discount","button_label":"SHOP NOW","button_link":"shopify:\/\/collections","button_style_secondary":false,"column_alignment":"center","color_scheme":"background-1","content_width":"50\/50","lap_content_width":"40\/60","column_gap":"30","padding_top":100,"padding_bottom":100,"custom_class_name":"custom-home-section"}},"9e3db823-dad1-4364-964a-4bbf5d5debab":{"type":"product-tab","blocks":{"5de6663a-3497-4195-94dd-5c463e5fa695":{"type":"tab","settings":{"collection":"frontpage","title":"BREAKFAST"}},"61dd62fe-507b-47c7-a11e-8b4752a89a5a":{"type":"tab","settings":{"collection":"chinese","title":"LUNCH"}},"97f4bb77-69b2-47b9-9c2f-78f54a813784":{"type":"tab","settings":{"collection":"fujian-cuisines","title":"DINNER"}}},"block_order":["5de6663a-3497-4195-94dd-5c463e5fa695","61dd62fe-507b-47c7-a11e-8b4752a89a5a","97f4bb77-69b2-47b9-9c2f-78f54a813784"],"settings":{"page_full_width":false,"page_full_width_spacing":false,"title":"Our Products","heading_size":"h2","text":"Quam pellentesque nec nam aliquam sem et tortor consequat. Ut placerat orci nulla pellentesque dignissim enim sit amet venenatis.","column_alignment":"left","button_label":"Button label","button_link":"","color_scheme":"background-1","products_to_show":12,"products_per_row":4,"enable_slider":true,"enable_dotts":false,"enable_arrows":true,"enable_tab_title":true,"enable_tab_count":false,"enable_collection_icon":false,"show_rating":true,"show_view_all":false,"image_ratio":"adapt","show_secondary_image":false,"add_image_padding":true,"show_vendor":false,"layout":"none","image_block_heading":"Main Heading","image_block_sub_heading":"Sub Heading","image_block_description":"","image_block_button_text":"View More","image_block_button_link":"","image_block_horizontal_position":"left","image_block_vertical_position":"vertical_top","padding_top":110,"padding_bottom":65,"custom_class_name":""}},"3ade2b64-f161-4824-9512-1b4a5a8beac5":{"type":"grid-banner","blocks":{"991c95a5-da6c-4d12-9e21-c0ef6a58c086":{"type":"text","settings":{"block_image":"shopify:\/\/shop_images\/home-01.jpg","show_content":true,"block_title":"Tangy Veggie Wrap","enable_title_link":true,"block_sub_title":"Vegetables","title-reverse":false,"block_description":"","block_button_text":"VIEW ALL COLLECTIONS","block_button_link":"shopify:\/\/collections","desktop_content_alignment":"center","reverse_column":false,"additional-links":false,"text_2":"","text_3":""}},"33e462da-665d-42dd-8a79-cac0e78f7288":{"type":"text","settings":{"block_image":"shopify:\/\/shop_images\/1.jpg","show_content":true,"block_title":"Riso Tonnato","enable_title_link":true,"block_sub_title":"Density To Taste","title-reverse":false,"block_description":"","block_button_text":"VIEW ALL COLLECTION","block_button_link":"shopify:\/\/collections","desktop_content_alignment":"center","reverse_column":false,"additional-links":false,"text_2":"","text_3":""}},"c574bdc4-aa8b-40fb-bd9d-0203dc339ae0":{"type":"text","settings":{"block_image":"shopify:\/\/shop_images\/2.jpg","show_content":true,"block_title":"Anguilla Marinata","enable_title_link":true,"block_sub_title":"Amazing Taste","title-reverse":false,"block_description":"","block_button_text":"VIEW ALL COLLECTION","block_button_link":"shopify:\/\/collections","desktop_content_alignment":"center","reverse_column":false,"additional-links":false,"text_2":"","text_3":""}},"998d8731-6531-49a2-838c-0e2aa210fd39":{"type":"text","settings":{"block_image":"shopify:\/\/shop_images\/gallery-4.jpg","show_content":true,"block_title":"Spanish Dinner","enable_title_link":true,"block_sub_title":"Tapas","title-reverse":false,"block_description":"","block_button_text":"VIEW ALL COLLECTION","block_button_link":"shopify:\/\/collections","desktop_content_alignment":"center","reverse_column":false,"additional-links":false,"text_2":"","text_3":""}},"308841f7-355a-43a8-99b7-b59af7282730":{"type":"text","settings":{"block_image":"shopify:\/\/shop_images\/gallery-1.jpg","show_content":true,"block_title":"Italian Pizza","enable_title_link":true,"block_sub_title":"Pan Pizzas","title-reverse":false,"block_description":"","block_button_text":"VIEW ALL COLLECTION","block_button_link":"shopify:\/\/collections","desktop_content_alignment":"center","reverse_column":false,"additional-links":false,"text_2":"","text_3":""}},"70137fd0-55ea-4c26-b75e-ca6a9ac72dd8":{"type":"text","settings":{"block_image":"shopify:\/\/shop_images\/gallery-3.jpg","show_content":true,"block_title":"Relax & Enjoy","enable_title_link":true,"block_sub_title":"Carbonara","title-reverse":false,"block_description":"","block_button_text":"VIEW ALL COLLECTION","block_button_link":"shopify:\/\/collections","desktop_content_alignment":"center","reverse_column":false,"additional-links":false,"text_2":"","text_3":""}},"8e797bbf-f207-41ea-b8a8-febe45d60a7a":{"type":"text","settings":{"block_image":"shopify:\/\/shop_images\/gallery-2.jpg","show_content":true,"block_title":"Spaghetti","enable_title_link":true,"block_sub_title":"Tomato Flavor","title-reverse":false,"block_description":"","block_button_text":"VIEW ALL COLLECTION","block_button_link":"shopify:\/\/collections","desktop_content_alignment":"center","reverse_column":false,"additional-links":false,"text_2":"","text_3":""}},"56faf31c-bac3-41b9-8dd9-b115ca6ffd0d":{"type":"text","settings":{"block_image":"shopify:\/\/shop_images\/gallery-6.jpg","show_content":true,"block_title":"Canederli","enable_title_link":true,"block_sub_title":"Italian Special","title-reverse":false,"block_description":"","block_button_text":"VIEW ALL COLLECTION","block_button_link":"shopify:\/\/collections","desktop_content_alignment":"center","reverse_column":false,"additional-links":false,"text_2":"","text_3":""}}},"block_order":["991c95a5-da6c-4d12-9e21-c0ef6a58c086","33e462da-665d-42dd-8a79-cac0e78f7288","c574bdc4-aa8b-40fb-bd9d-0203dc339ae0","998d8731-6531-49a2-838c-0e2aa210fd39","308841f7-355a-43a8-99b7-b59af7282730","70137fd0-55ea-4c26-b75e-ca6a9ac72dd8","8e797bbf-f207-41ea-b8a8-febe45d60a7a","56faf31c-bac3-41b9-8dd9-b115ca6ffd0d"],"settings":{"page_full_width":true,"page_full_width_spacing":false,"title":"Our Gallery","heading_size":"h1","sub_heading":"","description":"","button_label":"","button_link":"","button_style_secondary":false,"column_alignment":"center","background_style":"none","banner_style":"overlay","grid-column":"4","column_gap":"0","overlay_style_height":480,"overlay_style_height_laptop":480,"overlay_style_height_mobile":400,"color_scheme":"background-1","padding_top":0,"padding_bottom":0,"custom_class_name":"custom-home-grid-2","swiper_enable":false,"desktop_column":4,"tablet_column":3,"mobile_column":1,"centered_slide":false,"swiper_pagination":false,"swiper_navigation":false,"auto_play":0}},"ca91a68e-6cb6-4ca4-8be6-3e302e6ef57a":{"type":"home-pricing-list","blocks":{"template--15087112683543__ca91a68e-6cb6-4ca4-8be6-3e302e6ef57a-1681354786c738f35a-0":{"type":"icon","settings":{"icon":"shopify:\/\/shop_images\/shop-12.jpg","title":"Waldorf Salad","desc":"Fresh apples, celery and walnuts, dressed in mayonnaise","link_text":"$3.95","link":"shopify:\/\/collections"}},"template--15087112683543__ca91a68e-6cb6-4ca4-8be6-3e302e6ef57a-1681354786c738f35a-1":{"type":"icon","settings":{"icon":"shopify:\/\/shop_images\/shop-11.jpg","title":"Chicken Escalope","desc":"Bbq sauce, american garden, chicken breasts, coleslaw","link_text":"$3.65","link":"shopify:\/\/collections"}},"template--15087112683543__ca91a68e-6cb6-4ca4-8be6-3e302e6ef57a-1681354786c738f35a-2":{"type":"icon","settings":{"icon":"shopify:\/\/shop_images\/shop-8.jpg","title":"Potato Croquettes","desc":"Loaded with bacon, stuffed with two kinds of cheese","link_text":"$2.79","link":"shopify:\/\/collections"}},"278cb50b-2efd-4a2c-8dfb-39d805a471a9":{"type":"icon","settings":{"icon":"shopify:\/\/shop_images\/shop-7.jpg","title":"Risotto","desc":"White wine, arborio rice, parmesan cheese, butter","link_text":"$3.06","link":"shopify:\/\/collections"}},"e150c8ff-fb7e-470d-b7f4-dcced09847f9":{"type":"icon","settings":{"icon":"shopify:\/\/shop_images\/shop-10.jpg","title":"Garganelli","desc":"Portobello mushrooms, white wine, arborio rice, chicken","link_text":"$4.03","link":"shopify:\/\/collections"}},"9286e90e-8d37-47c6-b19f-afc302d0775d":{"type":"icon","settings":{"icon":"shopify:\/\/shop_images\/shop-9.jpg","title":"Spaghetti Bolognese","desc":"Lean ground beef, red wine, tomato sauce, beef broth","link_text":"$3.65","link":"shopify:\/\/collections"}},"844b0e7a-61f5-450e-8696-8c0ff855c789":{"type":"icon","settings":{"icon":"shopify:\/\/shop_images\/shop-6.jpg","title":"Cheesy Macaroni","desc":"Onion, tomato, masala, cheese","link_text":"$4.67","link":"shopify:\/\/collections"}},"9f75287e-c5a1-4427-801f-ad3a932de022":{"type":"icon","settings":{"icon":"shopify:\/\/shop_images\/shop-5.jpg","title":"Cobb Salad","desc":"Stuffed with chicken, bacon, avocado, eggs and cheese","link_text":"$2.98","link":"shopify:\/\/collections"}},"4ade955b-0555-4516-a458-7cd3be9e54eb":{"type":"icon","settings":{"icon":"shopify:\/\/shop_images\/shop-2.jpg","title":"Gado-gado","desc":"Potato, bean sprouts, spinach, chayote, bitter gourd, corn","link_text":"$2.54","link":"shopify:\/\/collections"}},"cd23af75-712e-4596-8674-3e5f4a203c52":{"type":"icon","settings":{"icon":"shopify:\/\/shop_images\/shop-1.jpg","title":"Dressed Herring Salad","desc":"Potatoes, carrots, beet roots, chopped onions and mayonnaise","link_text":"$3.05","link":""}},"4518f385-4db5-4d30-9027-4cb0c472277f":{"type":"icon","settings":{"icon":"shopify:\/\/shop_images\/shop-4.jpg","title":"Chicken Pizza","desc":"Chicken, cheese, olives, bacon, corn","link_text":"$2.60","link":"shopify:\/\/collections"}},"e7d7506b-1a96-4209-9b5e-932fd10c993b":{"type":"icon","settings":{"icon":"shopify:\/\/shop_images\/shop-3.jpg","title":"Tom Yum Soup","desc":"Baby bok choy, gluten free, coconut milk, chili sauce","link_text":"$3.92","link":"shopify:\/\/collections"}}},"block_order":["template--15087112683543__ca91a68e-6cb6-4ca4-8be6-3e302e6ef57a-1681354786c738f35a-0","template--15087112683543__ca91a68e-6cb6-4ca4-8be6-3e302e6ef57a-1681354786c738f35a-1","template--15087112683543__ca91a68e-6cb6-4ca4-8be6-3e302e6ef57a-1681354786c738f35a-2","278cb50b-2efd-4a2c-8dfb-39d805a471a9","e150c8ff-fb7e-470d-b7f4-dcced09847f9","9286e90e-8d37-47c6-b19f-afc302d0775d","844b0e7a-61f5-450e-8696-8c0ff855c789","9f75287e-c5a1-4427-801f-ad3a932de022","4ade955b-0555-4516-a458-7cd3be9e54eb","cd23af75-712e-4596-8674-3e5f4a203c52","4518f385-4db5-4d30-9027-4cb0c472277f","e7d7506b-1a96-4209-9b5e-932fd10c993b"],"settings":{"page_full_width":false,"page_full_width_spacing":false,"padding_top":100,"padding_bottom":52,"show_background_image":false,"image_1":"shopify:\/\/shop_images\/background-4_1.png","image_2":"shopify:\/\/shop_images\/background-3.png","title":"Our Flavorful Menus","heading_size":"h2","sub_heading":"","description":"Odio morbi quis commodo odio aenean sed adipiscing. Neque ornare aenean euismod elementum nisi quis.","button_label":"","button_link":"","button_style_secondary":false,"heading_position":"text-center","text_position":"text-center","block_style":"default-style","grid":"2","enable_grid_style":false,"vertical_position":"position-default","reverse_column":false,"border_radius":"0px","icon_border_radius":"0px","enable_box_shadow":false,"block_icon_outer_size":"100px","block_icon_size":"100px","custom_class_name":""}},"6f5d5305-eb7e-44d6-a3ac-c35acaa19c3a":{"type":"grid-banner","blocks":{"d9c20829-9477-4c21-abf9-ffd2ed1b6e65":{"type":"text","settings":{"block_image":"shopify:\/\/shop_images\/festive-5.jpg","show_content":true,"block_title":"Indian Curry Meals","enable_title_link":true,"block_sub_title":"","title-reverse":false,"block_description":"Starts @3.99","block_button_text":"","block_button_link":"","desktop_content_alignment":"center","reverse_column":false,"additional-links":false,"text_2":"","text_3":""}},"e793fbf9-1f0e-4265-b232-f58160f48993":{"type":"text","settings":{"block_image":"shopify:\/\/shop_images\/festive-4.jpg","show_content":true,"block_title":"Chicken Rice Bowl","enable_title_link":true,"block_sub_title":"","title-reverse":false,"block_description":"Starts @4.99","block_button_text":"","block_button_link":"","desktop_content_alignment":"center","reverse_column":false,"additional-links":false,"text_2":"","text_3":""}},"3474a64b-db2a-4560-822c-59929d639bee":{"type":"text","settings":{"block_image":"shopify:\/\/shop_images\/festive-3.jpg","show_content":true,"block_title":"Arabican Grill","enable_title_link":true,"block_sub_title":"","title-reverse":false,"block_description":"Starts @2.99","block_button_text":"","block_button_link":"","desktop_content_alignment":"center","reverse_column":false,"additional-links":false,"text_2":"","text_3":""}},"695f45b4-910b-4164-8e28-0c9b11dcc8d5":{"type":"text","settings":{"block_image":"shopify:\/\/shop_images\/festive-2.jpg","show_content":true,"block_title":"Spicy Kebab","enable_title_link":true,"block_sub_title":"","title-reverse":false,"block_description":"Starts @2.99","block_button_text":"","block_button_link":"","desktop_content_alignment":"center","reverse_column":false,"additional-links":false,"text_2":"","text_3":""}},"b0296cc4-1c93-4580-a1f2-322497982f17":{"type":"text","settings":{"block_image":"shopify:\/\/shop_images\/festive-1.jpg","show_content":true,"block_title":"Grain Salad","enable_title_link":true,"block_sub_title":"","title-reverse":false,"block_description":"Starts @2.99","block_button_text":"","block_button_link":"","desktop_content_alignment":"center","reverse_column":false,"additional-links":false,"text_2":"","text_3":""}}},"block_order":["d9c20829-9477-4c21-abf9-ffd2ed1b6e65","e793fbf9-1f0e-4265-b232-f58160f48993","3474a64b-db2a-4560-822c-59929d639bee","695f45b4-910b-4164-8e28-0c9b11dcc8d5","b0296cc4-1c93-4580-a1f2-322497982f17"],"settings":{"page_full_width":true,"page_full_width_spacing":true,"bg_image":"shopify:\/\/shop_images\/bg-3.jpg","before_image":"shopify:\/\/shop_images\/divider_1_1920X_36751325-7c7a-4790-bcd2-7080582c6ca6.png","after_image":"shopify:\/\/shop_images\/divider_1_1920X_36751325-7c7a-4790-bcd2-7080582c6ca6.png","title":"Popular Collection","heading_size":"h2","sub_heading":"","description":"Lectus proin nibh nisl condimentum id venenatis a condimentum vitae. Pellentesque nec nam aliquam sem et tortor.","button_label":"","button_link":"","button_style_secondary":false,"column_alignment":"center","background_style":"primary","banner_style":"grid","grid-column":"5","column_gap":"","overlay_style_height":330,"overlay_style_height_laptop":330,"overlay_style_height_mobile":310,"color_scheme":"background-1","padding_top":116,"padding_bottom":160,"custom_class_name":"home-custom-grid-3","swiper_enable":false,"desktop_column":4,"tablet_column":3,"mobile_column":1,"centered_slide":false,"swiper_pagination":false,"swiper_navigation":false,"auto_play":0}},"0b297909-438d-4fdd-a219-79cbdebfa633":{"type":"number-counter","blocks":{"c5e4024b-0fa0-4a77-9f63-f9c3ac290e03":{"type":"icon","settings":{"image":"shopify:\/\/shop_images\/icon-12.png","icon":"","title":"Menu Types","text":"","value":"200","value_text":"","column_alignment":"center"}},"571d9b8a-a14a-4fd0-9b58-2afb6de5a446":{"type":"icon","settings":{"image":"shopify:\/\/shop_images\/icon-13.png","icon":"","title":"Different Origin","text":"","value":"50","value_text":"","column_alignment":"center"}},"a2e899da-252c-4678-b3c1-088a834936e9":{"type":"icon","settings":{"image":"shopify:\/\/shop_images\/icon-14.png","icon":"","title":"Pasta & Noodles","text":"","value":"850","value_text":"","column_alignment":"center"}},"53b22a84-406c-46cc-808f-73b25872e491":{"type":"icon","settings":{"image":"shopify:\/\/shop_images\/icon-11.png","icon":"","title":"Meals To Go","text":"","value":"580","value_text":"","column_alignment":"center"}}},"block_order":["c5e4024b-0fa0-4a77-9f63-f9c3ac290e03","571d9b8a-a14a-4fd0-9b58-2afb6de5a446","a2e899da-252c-4678-b3c1-088a834936e9","53b22a84-406c-46cc-808f-73b25872e491"],"settings":{"page_full_width":true,"page_full_width_spacing":true,"title":"","heading_size":"h1","sub_heading":"","description":"","button_label":"","button_link":"","button_style_secondary":false,"column_alignment":"left","columns_desktop":4,"color_scheme":"background-1","padding_top":76,"padding_bottom":88,"custom_class_name":"custom-home-counter"}},"85f7ca10-1fb6-4c5a-8c50-c8fc58dee399":{"type":"newsletter","blocks":{"template--15087112683543__85f7ca10-1fb6-4c5a-8c50-c8fc58dee399-1681566700909674ca-2":{"type":"email_form","settings":{}},"00e082d8-831c-455f-995a-3b8a085e160e":{"type":"heading","settings":{"heading":"Newsletter","heading_size":"h2"}},"c75f7b1b-2cdb-4adf-9829-49df478619e0":{"type":"paragraph","settings":{"text":"<p>Will be used in accordance with our Privacy policy<\/p>"}}},"block_order":["template--15087112683543__85f7ca10-1fb6-4c5a-8c50-c8fc58dee399-1681566700909674ca-2","00e082d8-831c-455f-995a-3b8a085e160e","c75f7b1b-2cdb-4adf-9829-49df478619e0"],"settings":{"color_scheme":"background-2","full_width":true,"bg_image":"shopify:\/\/shop_images\/slide2-bg.jpg","before_image":"shopify:\/\/shop_images\/divider_1_1920X_36751325-7c7a-4790-bcd2-7080582c6ca6.png","after_image":"shopify:\/\/shop_images\/divider_1_1920X_36751325-7c7a-4790-bcd2-7080582c6ca6.png","padding_top":240,"padding_bottom":240,"custom_class_name":""}},"bb870df5-2a9c-4621-9f89-823011f7c535":{"type":"brand-logos","blocks":{"template--15087112683543__bb870df5-2a9c-4621-9f89-823011f7c535-1681566794bca0aad8-0":{"type":"column","settings":{"image":"shopify:\/\/shop_images\/client-8_1.png","link":"shopify:\/\/collections"}},"template--15087112683543__bb870df5-2a9c-4621-9f89-823011f7c535-1681566794bca0aad8-1":{"type":"column","settings":{"image":"shopify:\/\/shop_images\/client-3.png","link":"shopify:\/\/collections"}},"template--15087112683543__bb870df5-2a9c-4621-9f89-823011f7c535-1681566794bca0aad8-2":{"type":"column","settings":{"image":"shopify:\/\/shop_images\/client-4.png","link":"shopify:\/\/collections"}},"22d0bc6b-de72-4d05-a8dd-6524377b930f":{"type":"column","settings":{"image":"shopify:\/\/shop_images\/client-7_1.png","link":"shopify:\/\/collections"}},"22fa4557-8817-41c9-8b7a-1aeecb118835":{"type":"column","settings":{"image":"shopify:\/\/shop_images\/client-6_1.png","link":"shopify:\/\/collections"}},"781ca21b-0cf4-4da3-982b-ac1a6658d1b5":{"type":"column","settings":{"image":"shopify:\/\/shop_images\/client-1.png","link":"shopify:\/\/collections"}}},"block_order":["template--15087112683543__bb870df5-2a9c-4621-9f89-823011f7c535-1681566794bca0aad8-0","template--15087112683543__bb870df5-2a9c-4621-9f89-823011f7c535-1681566794bca0aad8-1","template--15087112683543__bb870df5-2a9c-4621-9f89-823011f7c535-1681566794bca0aad8-2","22d0bc6b-de72-4d05-a8dd-6524377b930f","22fa4557-8817-41c9-8b7a-1aeecb118835","781ca21b-0cf4-4da3-982b-ac1a6658d1b5"],"settings":{"page_full_width":false,"page_full_width_spacing":false,"title":"Our Clients","heading_size":"h2","sub_heading":"","description":"","button_label":"","button_link":"","button_style_secondary":false,"column_alignment":"center","columns_desktop":5,"background_style":"primary","color_scheme":"background-1","block_color_scheme":"background-1","padding_top":100,"padding_bottom":68,"custom_class_name":"","swiper_enable":true,"desktop_column":5,"tablet_column":3,"mobile_column":1,"swiper_pagination":true,"swiper_navigation":false,"centered_slide":false,"auto_play":0,"swipe_on_mobile":false,"columns_mobile":"1"}}},"order":["f9232c66-4799-4cbd-a2be-00ee49671cb9","1db1512f-3231-44e7-9ae9-9298dbd3df92","c0f6eefa-6a14-4a79-a227-3b341d63df30","388266f3-57aa-41ec-9cff-52615daee64c","0735ab96-6584-42cd-a677-b4a21cb811a8","9e3db823-dad1-4364-964a-4bbf5d5debab","3ade2b64-f161-4824-9512-1b4a5a8beac5","ca91a68e-6cb6-4ca4-8be6-3e302e6ef57a","6f5d5305-eb7e-44d6-a3ac-c35acaa19c3a","0b297909-438d-4fdd-a219-79cbdebfa633","85f7ca10-1fb6-4c5a-8c50-c8fc58dee399","bb870df5-2a9c-4621-9f89-823011f7c535"]}