{"sections":{"main":{"type":"main-list-collections","settings":{"title":"","page_full_width":false,"page_full_width_spacing":false,"sort":"alphabetical","image_ratio":"adapt","columns_desktop":4,"columns_mobile":"1","padding_top":0,"padding_bottom":20}},"e1d1c54b-dba5-4117-812c-528f7dc46151":{"type":"collection-list","disabled":true,"blocks":{"template--17998674460959__e1d1c54b-dba5-4117-812c-528f7dc46151-167887984242bd4aa1-0":{"type":"featured_collection","settings":{"collection":"anhui-cuisine"}},"template--17998674460959__e1d1c54b-dba5-4117-812c-528f7dc46151-167887984242bd4aa1-1":{"type":"featured_collection","settings":{"collection":"chinese"}},"template--17998674460959__e1d1c54b-dba5-4117-812c-528f7dc46151-167887984242bd4aa1-2":{"type":"featured_collection","settings":{"collection":"dummy-collection2"}},"136f5af1-45e8-4764-ab38-d53092a901f3":{"type":"featured_collection","settings":{"collection":"demo-shop-6-column"}},"3c7e6865-3a67-470e-a302-3d49c8e00809":{"type":"featured_collection","disabled":true,"settings":{"collection":"demo-shop-loadmore"}},"a2161304-88f6-45e6-bd18-f5d0868a9e15":{"type":"featured_collection","settings":{"collection":"women-1"}},"1d7f4089-a5bf-4a7b-b2e6-da3bcc215dac":{"type":"featured_collection","settings":{"collection":"demo-shop-grid-view"}}},"block_order":["template--17998674460959__e1d1c54b-dba5-4117-812c-528f7dc46151-167887984242bd4aa1-0","template--17998674460959__e1d1c54b-dba5-4117-812c-528f7dc46151-167887984242bd4aa1-1","template--17998674460959__e1d1c54b-dba5-4117-812c-528f7dc46151-167887984242bd4aa1-2","136f5af1-45e8-4764-ab38-d53092a901f3","3c7e6865-3a67-470e-a302-3d49c8e00809","a2161304-88f6-45e6-bd18-f5d0868a9e15","1d7f4089-a5bf-4a7b-b2e6-da3bcc215dac"],"settings":{"page_full_width":false,"page_full_width_spacing":false,"title":"","heading_size":"h1","sub_heading":"","description":"","button_label":"","button_link":"","button_style_secondary":false,"column_alignment":"left","image_ratio":"adapt","columns_desktop":3,"color_scheme":"background-1","show_view_all":true,"padding_top":36,"padding_bottom":36,"custom_class_name":"","swiper_enable":false,"desktop_column":4,"laptop_column":4,"tablet_column":3,"mobile_column":1,"swiper_pagination":false,"swiper_navigation":false,"auto_play":0,"swipe_on_mobile":false,"arrow_on_mobile":false,"columns_mobile":"1"}}},"order":["main","e1d1c54b-dba5-4117-812c-528f7dc46151"]}