{"sections":{"main":{"type":"main-page","settings":{"page_full_width":false,"page_full_width_spacing":false,"padding_top":0,"padding_bottom":0}},"dac594f5-6f42-441b-b718-a5640c6f4896":{"type":"collapsible-content","blocks":{"template--16688272900316__dac594f5-6f42-441b-b718-a5640c6f4896-16672924418c53fb80-0":{"type":"collapsible_row","settings":{"heading":"How will my order be delivered to me?","icon":"none","row_content":"<p>Dolor morbi non arcu risus quis varius quam quisque. Ut sem nulla pharetra diam sit. Sed velit dignissim sodales ut. Tristique sollicitudin nibh sit amet commodo nulla facilisi nullam. Vulputate odio ut enim blandit volutpat. Bibendum neque egestas congue quisque egestas diam in arcu.<\/p>","page":""}},"template--16688272900316__dac594f5-6f42-441b-b718-a5640c6f4896-16672924418c53fb80-1":{"type":"collapsible_row","settings":{"heading":"What do I need to know?","icon":"none","row_content":"<p>Facilisis leo vel fringilla est ullamcorper eget nulla facilisi. Eget duis at tellus at urna condimentum mattis. Facilisi nullam vehicula ipsum a. Molestie nunc non blandit massa enim nec. Sit amet volutpat consequat mauris nunc congue nisi vitae. Nulla pellentesque dignissim enim sit amet venenatis urna cursus.<\/p>","page":""}},"template--16688272900316__dac594f5-6f42-441b-b718-a5640c6f4896-16672924418c53fb80-2":{"type":"collapsible_row","settings":{"heading":"How will I know if order is placed successfully?","icon":"none","row_content":"<p>At enim massa, malesuad mi. Maecenas in odo lorem.Maecenas in dictum at commodo lorem. Fusce id blandit blandit finibus eros. Vestibulum eu maximus turpis. Ut enim mas da id scelerisque eu, volutpat id mi. imus turpis. <\/p>","page":""}},"template--16688272900316__dac594f5-6f42-441b-b718-a5640c6f4896-16672924418c53fb80-3":{"type":"collapsible_row","settings":{"heading":"How do I check the status of my order?","icon":"none","row_content":"<p>Blandit fusce id  blandit finibus eros. Vestibulum eu maximus turpis. Ut enim mas da id scelerisque eu, volutpat id mi. imus turpis. Ut enim massa, malesuad mi. Maecenas in odo lorem.Maecenas in dictum at commodo lorem.<\/p>","page":""}},"a28c49d0-90ca-483f-bf46-d4bee34fac3b":{"type":"collapsible_row","settings":{"heading":"Can I cancel my order?","icon":"none","row_content":"<p>Maecenas in odo lorem.Maecenas in dictum at commodo lorem. Fusce id blandit blandit finibus eros. Vestibulum eu maximus turpis. Ut enim mas da id scelerisque eu, volutpat id mi. imus turpis. Ut enim massa, malesuad mi. <\/p>","page":""}},"efe13fc1-badc-4b55-90be-da1d5ba0500b":{"type":"collapsible_row","settings":{"heading":"Do you accept card payment?","icon":"none","row_content":"<p>Vestibulum eu maximus turpis. Fusce id blandit blandit finibus eros. Ut enim mas da id scelerisque eu, volutpat id mi. imus turpis. Ut enim massa, malesuad mi. Maecenas in odo lorem.Maecenas in dictum at commodo lorem.<\/p>","page":""}},"e40cd1ac-e50d-4c7f-8231-a62898e17ab5":{"type":"collapsible_row","settings":{"heading":"What are the delivery charges?","icon":"none","row_content":"<p>Saecenas in dictum at commodo lorem. Fusce id blandit blandit finibus eros. Vestibulum eu maximus turpis. Ut enim mas da id scelerisque eu, volutpat id mi. imus turpis. Ut enim massa, malesuad mi. Maecenas in odo lorem.<\/p>","page":""}}},"block_order":["template--16688272900316__dac594f5-6f42-441b-b718-a5640c6f4896-16672924418c53fb80-0","template--16688272900316__dac594f5-6f42-441b-b718-a5640c6f4896-16672924418c53fb80-1","template--16688272900316__dac594f5-6f42-441b-b718-a5640c6f4896-16672924418c53fb80-2","template--16688272900316__dac594f5-6f42-441b-b718-a5640c6f4896-16672924418c53fb80-3","a28c49d0-90ca-483f-bf46-d4bee34fac3b","efe13fc1-badc-4b55-90be-da1d5ba0500b","e40cd1ac-e50d-4c7f-8231-a62898e17ab5"],"settings":{"title":"","heading_size":"h1","sub_heading":"","description":"","button_label":"","button_link":"","button_style_secondary":false,"column_alignment":"center","layout":"row","color_scheme":"background-1","container_color_scheme":"background-2","open_first_collapsible_row":true,"enable_address_block":true,"image":"shopify:\/\/shop_images\/home-01.jpg","image_ratio":"adapt","address_heading":"","collapsible_address":"","collapsible_contact_no":"","collapsible_contact_id":"","desktop_layout":"image_second","padding_top":24,"padding_bottom":20,"custom_class_name":"custom-collapsible-content"}}},"order":["main","dac594f5-6f42-441b-b718-a5640c6f4896"]}