{"sections":{"main":{"type":"main-page","disabled":true,"settings":{"page_full_width":false,"page_full_width_spacing":false,"padding_top":0,"padding_bottom":0}},"a5e1d0ed-d989-4bd2-ab58-a1c6532cec64":{"type":"contact-information","blocks":{"template--15087112781847__a5e1d0ed-d989-4bd2-ab58-a1c6532cec64-16820754631df21fdb-0":{"type":"column","settings":{"icon":"fa fa-phone","title":"Phone","text":"<p><strong>Toll-Free:<\/strong>0000 - 123 - 456789<br\/><strong>Fax:<\/strong>0000 - 123 - 456789<\/p>","link_label":"","link":"","icon_class":true}},"template--15087112781847__a5e1d0ed-d989-4bd2-ab58-a1c6532cec64-16820754631df21fdb-1":{"type":"column","settings":{"icon":"fa fa-envelope","title":"Email","text":"<p><a href=\"https:\/\/yummi-theme.myshopify.com\/pages\/contact-us\">mail@example.com<\/a><\/p><p><a href=\"https:\/\/yummi-theme.myshopify.com\/pages\/contact-us\">support@example.com<\/a><\/p>","link_label":"","link":"","icon_class":true}},"template--15087112781847__a5e1d0ed-d989-4bd2-ab58-a1c6532cec64-16820754631df21fdb-2":{"type":"column","settings":{"icon":"fa fa-location-arrow","title":"Address","text":"<p>No: 58 A, East Madison Street,<br\/>Baltimore, MD, USA 4508<\/p>","link_label":"","link":"","icon_class":false}}},"block_order":["template--15087112781847__a5e1d0ed-d989-4bd2-ab58-a1c6532cec64-16820754631df21fdb-0","template--15087112781847__a5e1d0ed-d989-4bd2-ab58-a1c6532cec64-16820754631df21fdb-1","template--15087112781847__a5e1d0ed-d989-4bd2-ab58-a1c6532cec64-16820754631df21fdb-2"],"settings":{"page_full_width":false,"page_full_width_spacing":false,"custom_liquid":"<iframe width=\"100%\" height=\"500\" style=\"border:0;border-radius:0;overflow:hidden;\" src=\"https:\/\/maps.google.co.in\/?ie=UTF8&t=m&ll=-37.823006,144.977388&spn=0.02034,0.042915&z=14&output=embed\"><\/iframe>","title":"contact Form","heading_size":"h4","subtitle":"","text_style":"caption-with-letter-spacing","text_size":"medium","image_width":"full","image_ratio":"adapt","columns_desktop":3,"column_alignment":"left","background_style":"primary","button_label":"","button_link":"","color_scheme":"background-1","enable_overlay":false,"columns_mobile":"1","swipe_on_mobile":false,"padding_top":36,"padding_bottom":36,"custom_class_name":""}}},"order":["main","a5e1d0ed-d989-4bd2-ab58-a1c6532cec64"]}