{"sections":{"main":{"type":"main-page","disabled":true,"settings":{"page_full_width":false,"page_full_width_spacing":false,"padding_top":0,"padding_bottom":0}},"ac9b78bc-b754-4bfa-a4e5-cebdf8c19222":{"type":"grid-banner","blocks":{"f6afc85c-e7b4-4fbc-beb3-4aedcfe8a6fc":{"type":"text","settings":{"block_image":"shopify:\/\/shop_images\/abo-01.jpg","show_content":true,"block_title":"Healthy Oven French Dinner","enable_title_link":false,"block_sub_title":"","title-reverse":false,"block_description":"Massa placerat duis ultricies lacus sed. Sit amet nisl purus in mollis nunc sed id semper. Cras pulvinar mattis nunc sed. Lectus nulla at volutpat diam. Integer quis auctor elit sed vulputate mi sit amet. Ante in nibh mauris cursus. Ipsum dolor sit amet consectetur adipiscing elit.","block_button_text":"","block_button_link":"","desktop_content_alignment":"left","reverse_column":true,"additional-links":true,"text_2":"Cras pulvinar mattis nunc sed. Lectus nulla at volutpat diam. Integer quis auctor elit sed vulputate mi sit amet. Ante in nibh mauris cursus. Ipsum dolor sit amet consectetur adipiscing elit.Egestas integer eget aliquet nibh praesent tristique magna. Faucibus nisl tincidunt eget nullam non nisi est sit amet.","text_3":"Egestas integer eget aliquet nibh praesent tristique magna. Faucibus nisl tincidunt eget nullam non nisi est sit amet. Vitae sapien pellentesque habitant morbi tristique senectus et netus."}}},"block_order":["f6afc85c-e7b4-4fbc-beb3-4aedcfe8a6fc"],"settings":{"page_full_width":false,"page_full_width_spacing":false,"title":"","heading_size":"h1","sub_heading":"","description":"","button_label":"","button_link":"","button_style_secondary":false,"column_alignment":"center","background_style":"primary","banner_style":"list","grid-column":"1","column_gap":"30","overlay_style_height":500,"overlay_style_height_laptop":500,"overlay_style_height_mobile":400,"color_scheme":"background-1","padding_top":36,"padding_bottom":100,"custom_class_name":"custom-about-grid","swiper_enable":false,"desktop_column":4,"tablet_column":3,"mobile_column":1,"centered_slide":false,"swiper_pagination":false,"swiper_navigation":false,"auto_play":0}},"94195320-48fc-4068-8ebb-d04616da9c6e":{"type":"grid-banner","blocks":{"b7b9600a-35bc-41ca-8b3a-7cee75d26dba":{"type":"text","settings":{"block_image":"shopify:\/\/shop_images\/4.jpg","show_content":true,"block_title":"Fiambre","enable_title_link":true,"block_sub_title":"","title-reverse":false,"block_description":"Enim nec dui nunc mattis. Porttitor lacus luctus accumsan tortor posuere. Auctor eu augue ut lectus arcu bibendum vulputate.","block_button_text":"","block_button_link":"shopify:\/\/collections","desktop_content_alignment":"center","reverse_column":false,"additional-links":false,"text_2":"","text_3":""}},"a1d97b4d-b2a1-4ea5-ab40-72ad43fb89c7":{"type":"text","settings":{"block_image":"shopify:\/\/shop_images\/3.jpg","show_content":true,"block_title":"Thai Prawn Rice","enable_title_link":true,"block_sub_title":"","title-reverse":false,"block_description":"Malesuada fames ac turpis egestas integer eget. Cursus risus at ultrices mi tempus imperdiet nulla malesuada. Ipsum dolor sit amet consectetur.","block_button_text":"","block_button_link":"","desktop_content_alignment":"center","reverse_column":false,"additional-links":false,"text_2":"","text_3":""}},"3d55e9e2-f693-4a34-81f0-fe52c0bf6821":{"type":"text","settings":{"block_image":"shopify:\/\/shop_images\/2.jpg","show_content":true,"block_title":"Pane Carasau","enable_title_link":true,"block_sub_title":"","title-reverse":false,"block_description":"Sed blandit libero volutpat sed cras ornare arcu dui. Neque egestas congue quisque egestas diam. Viverra justo nec ultrices dui sapien.","block_button_text":"","block_button_link":"","desktop_content_alignment":"center","reverse_column":false,"additional-links":false,"text_2":"","text_3":""}}},"block_order":["b7b9600a-35bc-41ca-8b3a-7cee75d26dba","a1d97b4d-b2a1-4ea5-ab40-72ad43fb89c7","3d55e9e2-f693-4a34-81f0-fe52c0bf6821"],"settings":{"page_full_width":false,"page_full_width_spacing":false,"title":"We Offer Tasty & Delicious Food In Healthy Way","heading_size":"h2","sub_heading":"","description":"","button_label":"","button_link":"","button_style_secondary":false,"column_alignment":"center","background_style":"none","banner_style":"overlay","grid-column":"3","column_gap":"","overlay_style_height":600,"overlay_style_height_laptop":500,"overlay_style_height_mobile":400,"color_scheme":"background-1","padding_top":20,"padding_bottom":92,"custom_class_name":"custom-home-grid-2 about-page","swiper_enable":false,"desktop_column":4,"tablet_column":3,"mobile_column":1,"centered_slide":false,"swiper_pagination":false,"swiper_navigation":false,"auto_play":0}},"78f8aabd-738b-45bf-87a3-112fab6c56f9":{"type":"home-custom-section","settings":{"page_full_width":true,"page_full_width_spacing":false,"bg_image":"shopify:\/\/shop_images\/10.jpg","before_image":"shopify:\/\/shop_images\/divider_1_1920X_36751325-7c7a-4790-bcd2-7080582c6ca6.png","after_image":"shopify:\/\/shop_images\/divider_1_1920X_36751325-7c7a-4790-bcd2-7080582c6ca6.png","title":"Tastey Offers","heading_size":"h2","sub_heading":"","description":"Amet consectetur adipiscing elit pellentesque habitant morbi. Nunc lobortis mattis aliquam faucibus purus in massa tempor. Turpis in eu mi bibendum neque. Etiam tempor orci eu lobortis elementum nibh tellus molestie. At erat pellentesque adipiscing commodo elit at. Rutrum quisque non tellus orci.","button_label":"SHOP NOW","button_link":"shopify:\/\/collections","button_style_secondary":false,"column_alignment":"center","color_scheme":"background-2","content_width":"50\/50","lap_content_width":"40\/60","column_gap":"30","padding_top":100,"padding_bottom":100,"custom_class_name":""}},"20d051ee-135e-4a9a-bd27-e3aac742cd62":{"type":"specification-block","blocks":{"template--15087112749079__20d051ee-135e-4a9a-bd27-e3aac742cd62-168155404385913a8d-0":{"type":"text","settings":{"block-image":"shopify:\/\/shop_images\/chicken.svg","font_icon":"","title":"Chicken","desc":"Cursus vitae congue mauris rhoncus. Praesent semper feugiat nibh sed pulvinar proin gravida.","html_text":"","link_text":"","link":""}},"template--15087112749079__20d051ee-135e-4a9a-bd27-e3aac742cd62-168155404385913a8d-1":{"type":"text","settings":{"block-image":"shopify:\/\/shop_images\/bacon.svg","font_icon":"fa fa-beer","title":"Bacon","desc":"Eu facilisis sed odio morbi quis. Parturient montes nascetur ridiculus mus mauris vitae ultricies leo.","html_text":"","link_text":"View More","link":""}},"template--15087112749079__20d051ee-135e-4a9a-bd27-e3aac742cd62-168155404385913a8d-2":{"type":"text","settings":{"block-image":"shopify:\/\/shop_images\/steak.svg","font_icon":"fa fa-leaf","title":"Beef","desc":"Massa eget egestas purus viverra. Enim blandit volutpat maecenas volutpat blandit maecenas volutpat blandit aliquam etiam erat.","html_text":"","link_text":"","link":""}},"ff471d49-156f-47b6-91be-5fb59fe8f54f":{"type":"text","settings":{"block-image":"shopify:\/\/shop_images\/lamb.svg","font_icon":"fa fa-tree","title":"Lamb","desc":"Ut enim blandit volutpat maecenas volutpat blandit aliquam etiam erat. Sagittis vitae et leo duis ut diam.","html_text":"","link_text":"","link":""}}},"block_order":["template--15087112749079__20d051ee-135e-4a9a-bd27-e3aac742cd62-168155404385913a8d-0","template--15087112749079__20d051ee-135e-4a9a-bd27-e3aac742cd62-168155404385913a8d-1","template--15087112749079__20d051ee-135e-4a9a-bd27-e3aac742cd62-168155404385913a8d-2","ff471d49-156f-47b6-91be-5fb59fe8f54f"],"settings":{"page_full_width":false,"page_full_width_spacing":false,"color_scheme":"background-1","title":"Spicy Wraps For Breakfast","heading_size":"h2","sub_heading":"","description":"","button_label":"","button_link":"","button_style_secondary":false,"enable_image":true,"primary_image":"shopify:\/\/shop_images\/home-01.jpg","primary_title":"","primary_sub_title":"","primary_description":"","primary_button_text":"","primary_button_link":"","primary_text_align":"center","vertical_position":"position-vertical-center","banner_style":"overlay","specification_style":"style3","overlay_style_height":"555","primary_position":"center","content_reverse":true,"additional_heading":"","additional_sub_heading":"","additional_description":"","additional_text_align":"center","additional_link_text":"","additional_link":"","padding_top":84,"padding_bottom":100,"custom_class_name":"home-custom-specification-1 about-page"}},"c2b60b3f-99bd-43eb-ac87-8cb9e646968a":{"type":"number-counter","blocks":{"82185fb2-fa39-4ac3-ba23-39a5fd88f231":{"type":"icon","settings":{"icon":"fa fa-diamond","title":"","text":"Salad","value":"960","value_text":"+","column_alignment":"center"}},"f5e0a6ab-24cd-43e5-8865-d6114a3968b6":{"type":"icon","settings":{"icon":"fa fa-coffee","title":"","text":"Soup","value":"750","value_text":"+","column_alignment":"center"}},"30a8812d-41ce-4e6c-9980-9a3c5d02d815":{"type":"icon","settings":{"icon":"fa fa-adjust","title":"","text":"Rice","value":"520","value_text":"+","column_alignment":"center"}},"f4644fff-f0df-4f45-b032-2fb8fa3a16ec":{"type":"icon","settings":{"icon":"fa fa-building","title":"","text":"Pasta","value":"860","value_text":"+","column_alignment":"center"}}},"block_order":["82185fb2-fa39-4ac3-ba23-39a5fd88f231","f5e0a6ab-24cd-43e5-8865-d6114a3968b6","30a8812d-41ce-4e6c-9980-9a3c5d02d815","f4644fff-f0df-4f45-b032-2fb8fa3a16ec"],"settings":{"page_full_width":false,"page_full_width_spacing":false,"bg_image":"shopify:\/\/shop_images\/slider-2.jpg","before_image":"shopify:\/\/shop_images\/divider_1_1920X_36751325-7c7a-4790-bcd2-7080582c6ca6.png","after_image":"shopify:\/\/shop_images\/divider_1_1920X_36751325-7c7a-4790-bcd2-7080582c6ca6.png","title":"","heading_size":"h1","sub_heading":"","description":"","button_label":"","button_link":"","button_style_secondary":false,"column_alignment":"center","columns_desktop":4,"color_scheme":"background-2","padding_top":140,"padding_bottom":140,"custom_class_name":"custom-about-number-counter"}},"8b9ea51e-a4a1-4078-aeff-b2e31b14245d":{"type":"inner-page-team-section","blocks":{"47a409d1-cdcd-4ae3-8edd-5482adcb042d":{"type":"text","settings":{"block_image":"shopify:\/\/shop_images\/team-01_54b37f7a-db5f-4588-9f4e-b11a8954b625.jpg","show_content":true,"block_title":"Reva Quail","block_sub_title":"Quality Tester","block_description":"","block_button_text":"","block_button_link":"","desktop_content_alignment":"center"}},"6b79a0cf-d4f9-4150-bc50-e107adfe7668":{"type":"text","settings":{"block_image":"shopify:\/\/shop_images\/team-02.jpg","show_content":true,"block_title":"Shad Hewes","block_sub_title":"Supporter","block_description":"","block_button_text":"","block_button_link":"","desktop_content_alignment":"center"}},"0982d5b6-46cc-45d0-9370-672e0ce7d8a7":{"type":"text","settings":{"block_image":"shopify:\/\/shop_images\/team-03.jpg","show_content":true,"block_title":"Meg Penix","block_sub_title":"Store Manager","block_description":"","block_button_text":"","block_button_link":"","desktop_content_alignment":"center"}},"9cf7de8f-7028-44b0-a8b8-e258b3c31bd1":{"type":"text","settings":{"block_image":"shopify:\/\/shop_images\/team-04.jpg","show_content":true,"block_title":"Edith Underwood","block_sub_title":"Designer","block_description":"","block_button_text":"","block_button_link":"","desktop_content_alignment":"center"}}},"block_order":["47a409d1-cdcd-4ae3-8edd-5482adcb042d","6b79a0cf-d4f9-4150-bc50-e107adfe7668","0982d5b6-46cc-45d0-9370-672e0ce7d8a7","9cf7de8f-7028-44b0-a8b8-e258b3c31bd1"],"settings":{"page_full_width":false,"page_full_width_spacing":false,"title":"Our Staff","heading_size":"h1","sub_heading":"","description":"","button_label":"","button_link":"","button_style_secondary":false,"column_alignment":"center","background_style":"none","team-section":"4","color_scheme":"background-1","padding_top":56,"padding_bottom":12,"custom_class_name":"","swiper_enable":false,"desktop_column":4,"tablet_column":3,"mobile_column":1,"centered_slide":false,"swiper_pagination":false,"swiper_navigation":false,"auto_play":0}}},"order":["main","ac9b78bc-b754-4bfa-a4e5-cebdf8c19222","94195320-48fc-4068-8ebb-d04616da9c6e","78f8aabd-738b-45bf-87a3-112fab6c56f9","20d051ee-135e-4a9a-bd27-e3aac742cd62","c2b60b3f-99bd-43eb-ac87-8cb9e646968a","8b9ea51e-a4a1-4078-aeff-b2e31b14245d"]}