{"sections":{"main":{"type":"main-product","blocks":{"title":{"type":"title","settings":{}},"cbc32f0a-66d5-4c2d-b4f7-95c08e2af707":{"type":"shopify:\/\/apps\/product-reviews\/blocks\/star_rating\/bae150af-8da8-48b2-9867-398188115e5f","settings":{"stars_fill_color":"#f4b618","star_size":15,"text_align":"flex-start","product":"{{ product }}","stars_text_empty":"No reviews"}},"price":{"type":"price","settings":{}},"variant_picker":{"type":"variant_picker","settings":{"picker_type":"button","picker_method":"variant_image"}},"quantity_selector":{"type":"quantity_selector","settings":{}},"68863399-17f6-4e5b-8b56-6ef125ef3168":{"type":"Html_c","settings":{"html":"<p class=\"delivery\"><svg xmlns=\"http:\/\/www.w3.org\/2000\/svg\" width=\"38.197\" height=\"21.5\" viewbox=\"0 0 38.197 21.5\">\n  <g id=\"Group_25127\" data-name=\"Group 25127\" transform=\"translate(-1083.836 -1161.835)\">\n    <path id=\"Path_54444\" data-name=\"Path 54444\" d=\"M76.155,6.988H95.1a.132.132,0,0,1,.132.132V23.868\" transform=\"translate(1014.583 1155.597)\" fill=\"none\" stroke=\"#333\" stroke-linecap=\"round\" stroke-width=\"1.5\"><\/path>\n    <line id=\"Line_317\" data-name=\"Line 317\" x1=\"4.357\" transform=\"translate(1090.739 1179.465)\" fill=\"none\" stroke=\"#333\" stroke-linecap=\"round\" stroke-width=\"1.5\"><\/line>\n    <line id=\"Line_318\" data-name=\"Line 318\" x1=\"11.098\" transform=\"translate(1101.294 1179.465)\" fill=\"none\" stroke=\"#333\" stroke-linecap=\"round\" stroke-width=\"1.5\"><\/line>\n    <path id=\"Path_54445\" data-name=\"Path 54445\" d=\"M291.733,32.235h6.362a.4.4,0,0,1,.338.188l4.479,7.216a1.261,1.261,0,0,1,.19.665v5.1a1.46,1.46,0,0,1-1.46,1.46h-1.3\" transform=\"translate(818.182 1132.596)\" fill=\"none\" stroke=\"#333\" stroke-linecap=\"round\" stroke-width=\"1.5\"><\/path>\n    <circle id=\"Ellipse_200\" data-name=\"Ellipse 200\" cx=\"3.068\" cy=\"3.068\" r=\"3.068\" transform=\"translate(1112.393 1176.449)\" fill=\"none\" stroke=\"#333\" stroke-linecap=\"round\" stroke-width=\"1.5\"><\/circle>\n    <path id=\"Path_54446\" data-name=\"Path 54446\" d=\"M131.987,165.909a3.068,3.068,0,1,1-3.068-3.068A3.068,3.068,0,0,1,131.987,165.909Z\" transform=\"translate(969.308 1013.608)\" fill=\"none\" stroke=\"#333\" stroke-linecap=\"round\" stroke-width=\"1.5\"><\/path>\n    <path id=\"Path_54447\" data-name=\"Path 54447\" d=\"M340,62.32h-3.635a.293.293,0,0,0-.289.346l.765,4.31a.415.415,0,0,0,.408.341h6.064\" transform=\"translate(777.784 1105.187)\" fill=\"none\" stroke=\"#333\" stroke-linecap=\"round\" stroke-width=\"1.5\"><\/path>\n    <line id=\"Line_319\" data-name=\"Line 319\" x2=\"4.116\" transform=\"translate(1086.602 1165.636)\" fill=\"none\" stroke=\"#333\" stroke-linecap=\"round\" stroke-width=\"1.5\"><\/line>\n    <line id=\"Line_320\" data-name=\"Line 320\" x2=\"4.389\" transform=\"translate(1088.04 1169.229)\" fill=\"none\" stroke=\"#333\" stroke-linecap=\"round\" stroke-width=\"1.5\"><\/line>\n    <line id=\"Line_321\" data-name=\"Line 321\" x2=\"5.754\" transform=\"translate(1086.714 1176.415)\" fill=\"none\" stroke=\"#333\" stroke-linecap=\"round\" stroke-width=\"1.5\"><\/line>\n    <line id=\"Line_322\" data-name=\"Line 322\" x2=\"5.88\" transform=\"translate(1084.586 1172.822)\" fill=\"none\" stroke=\"#333\" stroke-linecap=\"round\" stroke-width=\"1.5\"><\/line>\n  <\/g>\n<\/svg><span>Estimated deliver:<\/span> Jan23 - Jan26<\/p>"}},"23fc8ca2-22ab-4803-9f12-37a2242738b7":{"type":"Html_c","settings":{"html":"<p class=\"shipping\"><svg xmlns=\"http:\/\/www.w3.org\/2000\/svg\" width=\"27.969\" height=\"21.5\" viewbox=\"0 0 27.969 21.5\">\n  <g id=\"Group_25129\" data-name=\"Group 25129\" transform=\"translate(-1025.238 -1129.238)\">\n    <rect id=\"Rectangle_8802\" data-name=\"Rectangle 8802\" width=\"26.469\" height=\"20\" rx=\"3\" transform=\"translate(1025.988 1129.988)\" fill=\"none\" stroke=\"#333\" stroke-linecap=\"round\" stroke-width=\"1.5\"><\/rect>\n    <line id=\"Line_323\" data-name=\"Line 323\" x2=\"26.469\" transform=\"translate(1025.988 1134.55)\" fill=\"none\" stroke=\"#333\" stroke-linecap=\"round\" stroke-width=\"1.5\"><\/line>\n    <line id=\"Line_324\" data-name=\"Line 324\" x2=\"12.4\" transform=\"translate(1031.041 1138.374)\" fill=\"none\" stroke=\"#333\" stroke-linecap=\"round\" stroke-width=\"1.5\"><\/line>\n    <line id=\"Line_325\" data-name=\"Line 325\" x2=\"16.364\" transform=\"translate(1031.041 1142.115)\" fill=\"none\" stroke=\"#333\" stroke-linecap=\"round\" stroke-width=\"1.5\"><\/line>\n    <line id=\"Line_326\" data-name=\"Line 326\" x2=\"13.721\" transform=\"translate(1031.041 1145.855)\" fill=\"none\" stroke=\"#333\" stroke-linecap=\"round\" stroke-width=\"1.5\"><\/line>\n  <\/g>\n<\/svg><span>Free Shipping &amp; Returns:<\/span> On orders above $79<\/p>"}},"4c6c3629-d7b7-42eb-bd05-e2189e5f2c29":{"type":"deal","settings":{}},"buy_buttons":{"type":"buy_buttons","settings":{"show_dynamic_checkout":true}},"b7249ea8-3061-438d-b625-79e3b237d784":{"type":"vendor","settings":{}},"fbd40a68-7793-478e-8ce9-9fa9a7afb372":{"type":"type","settings":{}},"share":{"type":"share","settings":{"share_label":"Share"}}},"block_order":["title","cbc32f0a-66d5-4c2d-b4f7-95c08e2af707","price","variant_picker","quantity_selector","68863399-17f6-4e5b-8b56-6ef125ef3168","23fc8ca2-22ab-4803-9f12-37a2242738b7","4c6c3629-d7b7-42eb-bd05-e2189e5f2c29","buy_buttons","b7249ea8-3061-438d-b625-79e3b237d784","fbd40a68-7793-478e-8ce9-9fa9a7afb372","share"],"settings":{"page_full_width":false,"page_full_width_spacing":false,"enable_sticky_info":true,"enable_product_zoom":"zoom","gallery_layout":"thumbnail","stacked_column_alignment":"one","thumb_carousel_layout":"thumbnail_slider_left","media_size":"medium","meta_style":"one-half","hide_variants":false,"enable_video_looping":false,"tab_position":"bottom","tab_style":"tab","show_wishlist":true,"show_review_tab":true,"enable_sticky_bar":true,"sidebar_settings":"no-sidebar","show_menu":true,"menu_title":"Heading","linklist":"main-menu","show_image":true,"sidebar_title":"shopping","sidebar_button":"Shop Now","sidebar_link":"\/","show_collection":true,"collection_title":"Heading","collection":"fujian-cuisines","collection_limit":5,"enable_enquiry":true,"padding_top":0,"padding_bottom":0,"display_back_in_stock":true,"notify_text":"","notify_error":"","show_adv_product":false,"choose_label":"Choose style"}},"1655529390db0055f3":{"type":"apps","blocks":{"d296facf-7c91-4cfb-90b8-35f769655862":{"type":"shopify:\/\/apps\/product-reviews\/blocks\/reviews\/bae150af-8da8-48b2-9867-398188115e5f","settings":{}}},"block_order":["d296facf-7c91-4cfb-90b8-35f769655862"],"settings":{"include_margins":true}},"product-recommendations":{"type":"product-recommendations","settings":{"page_full_width":false,"page_full_width_spacing":false,"heading":"Recommended Products","heading_size":"h2","products_to_show":4,"columns_desktop":4,"color_scheme":"background-1","image_ratio":"portrait","show_secondary_image":true,"show_vendor":false,"show_rating":true,"padding_top":52,"padding_bottom":0}},"recent-products":{"type":"recent-products","disabled":true,"settings":{"heading":"Recently Viewed"}}},"order":["main","1655529390db0055f3","product-recommendations","recent-products"]}