{"sections":{"main":{"type":"main-product","blocks":{"title":{"type":"title","settings":{}},"7af529a1-f71e-4f71-b4a2-2ea5c524e4eb":{"type":"rating","settings":{}},"price":{"type":"price","settings":{}},"caption":{"type":"text","settings":{"text":"Nunc vehicula quam semper odio varius tincidunt. Vestibulum ante ipsum primis in faucibus orci luctus et ultrices posue.","text_style":"body"}},"35f61623-0811-4148-bc03-b9763e0dda73":{"type":"fake_visitors","settings":{"text":"People are viewing this right now","min_count":50,"max_count":200}},"variant_picker":{"type":"variant_picker","settings":{"picker_type":"button","picker_method":"variant_image"}},"c0bc18de-21ff-4dc6-9e7c-a6f8e4d5ee47":{"type":"sub_total","settings":{}},"0551778d-da8a-44d0-ae73-f4d5471087fd":{"type":"size-popup","settings":{"text":"Size Guide","page":"size-chart"}},"7dd6cfce-f5af-4897-9031-f8a4268b98fd":{"type":"quantity_selector","settings":{}},"buy_buttons":{"type":"buy_buttons","settings":{"show_dynamic_checkout":true}},"share":{"type":"share","settings":{"share_label":"Share"}},"description":{"type":"description","settings":{}},"collapsible-row-1":{"type":"collapsible_tab","settings":{"heading":"Shipping Information","icon":"truck","content":"","page":"shipping-information"}},"94c2986b-d733-4b5d-a37c-a46545d5107c":{"type":"badge","settings":{"image":"shopify:\/\/shop_images\/trust_img2.jpg","badge_label":"100% Secured Payment"}}},"block_order":["title","7af529a1-f71e-4f71-b4a2-2ea5c524e4eb","price","caption","35f61623-0811-4148-bc03-b9763e0dda73","variant_picker","c0bc18de-21ff-4dc6-9e7c-a6f8e4d5ee47","0551778d-da8a-44d0-ae73-f4d5471087fd","7dd6cfce-f5af-4897-9031-f8a4268b98fd","buy_buttons","share","description","collapsible-row-1","94c2986b-d733-4b5d-a37c-a46545d5107c"],"settings":{"page_full_width":false,"page_full_width_spacing":false,"enable_sticky_info":false,"enable_product_zoom":"zoom","gallery_layout":"thumbnail_slider","stacked_column_alignment":"two","thumb_carousel_layout":"thumbnail_slider_left","media_size":"large","meta_style":"full-width","hide_variants":false,"enable_video_looping":false,"tab_position":"bottom","tab_style":"tab","show_wishlist":true,"show_review_tab":true,"enable_sticky_bar":true,"sidebar_settings":"no-sidebar","show_menu":true,"menu_title":"Heading","linklist":"main-menu","show_image":true,"sidebar_title":"shopping","sidebar_button":"Shop Now","sidebar_link":"\/","show_collection":true,"collection_title":"Heading","collection":"dummy-collection1","collection_limit":5,"enable_enquiry":true,"padding_top":100,"padding_bottom":52,"display_back_in_stock":true,"notify_text":"","notify_error":"","show_adv_product":true,"choose_label":"Choose style"}},"1655529390db0055f3":{"type":"apps","blocks":{"36dbab2d-1440-4c50-9841-e37c3f536309":{"type":"shopify:\/\/apps\/product-reviews\/blocks\/reviews\/bae150af-8da8-48b2-9867-398188115e5f","settings":{}}},"block_order":["36dbab2d-1440-4c50-9841-e37c3f536309"],"settings":{"include_margins":true}},"product-recommendations":{"type":"product-recommendations","settings":{"page_full_width":false,"page_full_width_spacing":false,"heading":"Recommended Products","heading_size":"h2","products_to_show":4,"columns_desktop":4,"color_scheme":"background-1","image_ratio":"square","show_secondary_image":true,"show_vendor":false,"show_rating":true,"padding_top":52,"padding_bottom":0}},"recent-products":{"type":"recent-products","settings":{"heading":"Recently Viewed"}}},"order":["main","1655529390db0055f3","product-recommendations","recent-products"]}